Название,Цена (руб),Срок (дней),Биоматериал,Исследования
Чекап перед интервальным голоданием,4280,1,Кровь,"Мочевая кислота
Гликированный гемоглобин А1с
Холестерин липопротеидов низкой плотности
Холестерин липопротеидов очень низкой плотности (ЛПОНП), (включает определение триглицеридов)
ТТГ (тиреотропный гормон)
Т4 (тироксин) свободный
Инсулинорезистентность (глюкоза, инсулин, индексы HOMA и Caro)
Коэффициент атерогенности (включает определение общего холестерина и ЛПВП)"
Останусь еще поработать,3090,1,Кровь,"Клинический анализ крови с лейкоцитарной формулой (5DIFF) (венозная кровь)
Общий белок
Мочевая кислота
С-реактивный белок
Ферритин
ТТГ (тиреотропный гормон)
Т4 (тироксин) свободный
Скорость клубочковой фильтрации (CKD-EPI - взрослые/формула Шварца - дети;  включает определение креатинина)"
Для веганов и вегетарианцев,4530,1,Кровь,"Клинический анализ крови с лейкоцитарной формулой (5DIFF) (венозная кровь)
Общий белок
Железо
Ферритин
Витамин В 12 (цианкобаламин)
Витамин D, суммарный (25- OH витамин D, кальциферол)
Коэффициент атерогенности (включает определение общего холестерина и ЛПВП)"
Будущий папа,3910,3,Кровь,"Поверхностный антиген вируса гепатита В (австралийский антиген, HBsAg)
ВИЧ (антитела и антигены)
Антитела к вирусу простого герпеса II типа (Herpes simplex virus II), IgG
Антитела к цитомегаловирусу (Cytomegalovirus), IgG
Антитела к вирусу краснухи, IgG
Антитела к токсоплазме (Toxoplasma gondii), IgG
Антитела к вирусу гепатита С, сум. (Anti-HCV)
Антитела к бледной трепонеме (T.pallidum), сум."
Будущая мама,4820,3,Кровь,"ТТГ (тиреотропный гормон)
Т4 (тироксин) свободный
Поверхностный антиген вируса гепатита В (австралийский антиген, HBsAg)
ВИЧ (антитела и антигены)
Антитела к вирусу простого герпеса II типа (Herpes simplex virus II), IgG
Антитела к цитомегаловирусу (Cytomegalovirus), IgG
Антитела к вирусу краснухи, IgG
Антитела к токсоплазме (Toxoplasma gondii), IgG
Антитела к вирусу гепатита С, сум. (Anti-HCV)
Антитела к бледной трепонеме (T.pallidum), сум."
"Чекап ""Красота и здоровье  (iHerb)",4815,8,"Кровь с эдта, сыворотка, кровь с гепарином","Клинический анализ крови с лейкоцитарной формулой (5DIFF) (венозная кровь)
Цинк
Ферритин
Витамин С (аскорбиновая кислота)
Витамин D, суммарный (25- OH витамин D, кальциферол)"
"Чекап ""Красота и здоровье кожи, расширенный""",5085,3,"Кровь с эдта, сыворотка, кровь с гепарином","С-реактивный белок ультрачувствительный
Гликированный гемоглобин А1с
Холестерин общий
Кальций ионизированный
Магний
ТТГ (тиреотропный гормон)
ДГЭА-сульфат (дегидроэпиандростерон сульфат)
Тестостерон общий
Антитела к лямблиям (Lamblia intestinalis), суммарные
Антитела к Helicobacter pylori, IgG
Иммуноглобулин Е (IgE)"
"Чекап ""Контроль веса""",5055,9,Кровь с натрия фторидом сыворотка,"Мочевая кислота
Холестерин липопротеидов низкой плотности
Холестерин липопротеидов очень низкой плотности (ЛПОНП), (включает определение триглицеридов)
Лептин
ТТГ (тиреотропный гормон)
Т4 (тироксин) свободный
Инсулинорезистентность (глюкоза, инсулин, индексы HOMA и Caro)
Коэффициент атерогенности (включает определение общего холестерина и ЛПВП)
Селен в крови, спектрометрия (Se)"
Чекап перед вакцинацией от Covid-19,3430,1,"Кровь c edta, сыворотка","Клинический анализ крови с лейкоцитарной формулой (5DIFF) (венозная кровь)
АЛТ (аланинаминотрансфераза)
АСТ (аспартатаминотрансфераза)
Креатинин
Мочевина
С-реактивный белок
Иммуноглобулин Е (IgE)
Антитела IgG к RBD домену S 1 белка коронавируса SARS-Cov2 (Abbott, США), колич.
Антитела IgM к S белку коронавируса SARS-Cov2 (COVID-19), США"
Чекап после ковида расширенный,7110,1,"Кровь c edta, сыворотка, кровь с цитратом","Клинический анализ крови с лейкоцитарной формулой (5DIFF) (венозная кровь)
Фибриноген
Протромбин (время, по Квику, МНО)
Тромбиновое время
АЧТВ
Д-димер
АЛТ (аланинаминотрансфераза)
АСТ (аспартатаминотрансфераза)
Лактатдегидрогеназа (ЛДГ)
Креатинин
С-реактивный белок
Глюкоза
Гликированный гемоглобин А1с
Магний
Цинк
Ферритин
ТТГ (тиреотропный гормон)
Т4 (тироксин) свободный"
Чекап после ковида неврологический,5110,1,"Кровь c edta, сыворотка, кровь с цитратом","Клинический анализ крови с лейкоцитарной формулой (5DIFF) (венозная кровь)
Фибриноген
Протромбин (время, по Квику, МНО)
Тромбиновое время
АЧТВ
С-реактивный белок
Гомоцистеин
Кальций общий
Магний
Цинк
Витамин В 12 (цианкобаламин)"
Чекап выпадение волос после Ковид,3310,9,"Кровь c edta, сыворотка","Клинический анализ крови с лейкоцитарной формулой (5DIFF) (венозная кровь)
Цинк
ТТГ (тиреотропный гормон)
Т4 (тироксин) свободный
Витамин В 9 (фолиевая кислота, Folic acid, Фолат)
Селен в крови, спектрометрия (Se)"
Чекап после ковида кардиологический,8650,11,"Кровь c edta, сыворотка","Клинический анализ крови с лейкоцитарной формулой (5DIFF) (венозная кровь)
Тропонин I
С-реактивный белок
Мозговой натрийуретический пептид ВNP
Холестерин липопротеидов низкой плотности
Холестерин липопротеидов очень низкой плотности (ЛПОНП), (включает определение триглицеридов)
Ферритин
Антитела к митохондриям (AMA) (АМА-М2)
Антитела к миокарду (Mio) (антимиокардиальные антитела)
Коэффициент атерогенности (включает определение общего холестерина и ЛПВП)"
Чекап после ковида,6275,1,Кровь,"СОЭ (венозная кровь)
Клинический анализ крови с лейкоцитарной формулой (5DIFF) (венозная кровь)
Фибриноген
Протромбин (время, по Квику, МНО)
Д-димер
АЛТ (аланинаминотрансфераза)
АСТ (аспартатаминотрансфераза)
Лактатдегидрогеназа (ЛДГ)
С-реактивный белок
Ферритин
Общая железосвязывающая способность сыворотки (ОЖСС) (включает определение железа, ЛЖСС)
Витамин D, суммарный (25- OH витамин D, кальциферол)"
"Коагулограмма, скрининг",1510,1,Кровь с цитратом,"Фибриноген
Протромбин (время, по Квику, МНО)
Тромбиновое время
АЧТВ"
"Липидный профиль, базовый",1490,1,Сыворотка,"Холестерин общий
Холестерин липопротеидов низкой плотности
Холестерин липопротеидов очень низкой плотности (ЛПОНП), (включает определение триглицеридов)"
"Биохимический анализ крови, базовый",2650,1,"Сыворотка, кровь с фторидом натрия","Билирубин общий
АЛТ (аланинаминотрансфераза)
АСТ (аспартатаминотрансфераза)
Общий белок
Креатинин
Мочевина
Глюкоза
Холестерин общий
Железо"
Билирубин непрямой (включает определение общего и прямого билирубина),575,1,Сыворотка,"Билирубин общий
Билирубин прямой"
"Тестостерон свободный (включает определение тестостерона общего и свободного, ГСПГ (SHBG), расчет индекса свободных андрогенов)",1300,1,Сыворотка,"Тестостерон общий
ГСПГ (глобулин, связывающий половые гормоны)"
Госпитальный,2130,1,Сыворотка,"Поверхностный антиген вируса гепатита В (австралийский антиген, HBsAg)
ВИЧ (антитела и антигены)
Антитела к вирусу гепатита С, сум. (Anti-HCV)
Антитела к бледной трепонеме (T.pallidum), сум."
Микроскопическое исследование отделяемого урогенитального тракта (цервикальный канал+влагалище+уретра),1320,2,"Мазок из влагалища, уретры, церв.канала","Микроскопическое исследование отделяемого уретры
Микроскопическое исследование отделяемого цервикального канала
Микроскопическое исследование отделяемого влагалища"
Биохимический анализ крови,4540,1,"Сыворотка, кровь с фторидом натрия","Билирубин общий
АЛТ (аланинаминотрансфераза)
АСТ (аспартатаминотрансфераза)
Щелочная фосфатаза
Гамма-глутамилтрансфераза (ГГТ)
Альфа-амилаза
Общий белок
Креатинин
Мочевина
Мочевая кислота
Глюкоза
Триглицериды
Холестерин общий
Железо"
"Общая железосвязывающая способность сыворотки (ОЖСС) (включает определение железа, ЛЖСС)",405,1,Сыворотка,"Железо
Латентная железосвязывающая способность сыворотки"
"Инсулинорезистентность (глюкоза, инсулин, индексы HOMA и Caro)",1025,1,"Сыворотка, кровь с фторидом натрия","Глюкоза
Инсулин"
Белковые фракции (включает определение общего белка и альбумина),590,1,Сыворотка,"Альбумин
Общий белок"
"Обследование щитовидной железы, скрининг",2985,1,Сыворотка,"ТТГ (тиреотропный гормон)
Т4 (тироксин) свободный
Т3 (трийодтиронин) свободный
Анти-ТГ (антитела к тиреоглобулину)
Анти-ТПО (антитела к микросомальной тиреопероксидазе)"
"Обследование печени, базовый",1775,1,Сыворотка,"Билирубин общий
Билирубин прямой
АЛТ (аланинаминотрансфераза)
АСТ (аспартатаминотрансфераза)
Щелочная фосфатаза
Гамма-глутамилтрансфераза (ГГТ)"
Макропролактин (включает определение пролактина),1375,2,Сыворотка,Пролактин
"Женщины, базовый чек-ап",7520,1,"Кровь с edta, сыворотка, кровь с фторидом натрия","СОЭ (венозная кровь)
Клинический анализ крови с лейкоцитарной формулой (5DIFF) (венозная кровь)
Билирубин общий
АЛТ (аланинаминотрансфераза)
АСТ (аспартатаминотрансфераза)
Щелочная фосфатаза
Гамма-глутамилтрансфераза (ГГТ)
Общий белок
Креатинин
Мочевина
Глюкоза
Липопротеин (а)
Гомоцистеин
Кальций общий
Магний
Фосфор неорганический
Цинк
Ферритин
ТТГ (тиреотропный гормон)
Витамин D, суммарный (25- OH витамин D, кальциферол)
Липидный профиль, базовый"
"Мужчины, базовый чек-ап",8050,1,"Кровь с edta, сыворотка, кровь с фторидом натрия","СОЭ (венозная кровь)
Клинический анализ крови с лейкоцитарной формулой (5DIFF) (венозная кровь)
Билирубин общий
АЛТ (аланинаминотрансфераза)
АСТ (аспартатаминотрансфераза)
Щелочная фосфатаза
Гамма-глутамилтрансфераза (ГГТ)
Общий белок
Креатинин
Мочевина
Мочевая кислота
Глюкоза
Липопротеин (а)
Гомоцистеин
Магний
Фосфор неорганический
Цинк
ТТГ (тиреотропный гормон)
Тестостерон общий
Витамин D, суммарный (25- OH витамин D, кальциферол)
Липидный профиль, базовый"
"Женщины, расширенный чек-ап",10190,4,"Кровь с edta, сыворотка, кровь с фторидом натрия, кровь с апротинином","СОЭ (венозная кровь)
Клинический анализ крови с лейкоцитарной формулой (5DIFF) (венозная кровь)
Билирубин общий
АЛТ (аланинаминотрансфераза)
АСТ (аспартатаминотрансфераза)
Щелочная фосфатаза
Гамма-глутамилтрансфераза (ГГТ)
Общий белок
Креатинин
Мочевина
Мочевая кислота
С-реактивный белок ультрачувствительный
Глюкоза
Гликированный гемоглобин А1с
Липопротеин (а)
Гомоцистеин
Кальций общий
Магний
Фосфор неорганический
Цинк
Ферритин
ТТГ (тиреотропный гормон)
Паратгормон
Раково-эмбриональный антиген (РЭА)
Антиген СА 125
Витамин D, суммарный (25- OH витамин D, кальциферол)
Липидный профиль, базовый"
"Мужчины, расширенный чек-ап",9430,4,"Кровь с edta, сыворотка, кровь с фторидом натрия, кровь с апротинином","СОЭ (венозная кровь)
Клинический анализ крови с лейкоцитарной формулой (5DIFF) (венозная кровь)
Билирубин общий
АЛТ (аланинаминотрансфераза)
АСТ (аспартатаминотрансфераза)
Щелочная фосфатаза
Гамма-глутамилтрансфераза (ГГТ)
Общий белок
Креатинин
Мочевина
Мочевая кислота
С-реактивный белок ультрачувствительный
Глюкоза
Гликированный гемоглобин А1с
Липопротеин (а)
Гомоцистеин
Кальций общий
Магний
Фосфор неорганический
Цинк
ТТГ (тиреотропный гормон)
Тестостерон общий
Паратгормон
Витамин D, суммарный (25- OH витамин D, кальциферол)
Липидный профиль, базовый"
"Женщины, экспертный чек-ап",12365,4,"Кровь с edta, сыворотка, кровь с фторидом натрия, кровь с апротинином","СОЭ (венозная кровь)
Клинический анализ крови с лейкоцитарной формулой (5DIFF) (венозная кровь)
Билирубин общий
АЛТ (аланинаминотрансфераза)
АСТ (аспартатаминотрансфераза)
Щелочная фосфатаза
Гамма-глутамилтрансфераза (ГГТ)
Общий белок
Креатинин
Мочевина
Мочевая кислота
С-реактивный белок ультрачувствительный
Мозговой натрийуретический пептид ВNP
Глюкоза
Гликированный гемоглобин А1с
Липопротеин (а)
Гомоцистеин
Кальций общий
Магний
Фосфор неорганический
Цинк
Ферритин
ТТГ (тиреотропный гормон)
Паратгормон
Раково-эмбриональный антиген (РЭА)
Антиген СА 125
Витамин D, суммарный (25- OH витамин D, кальциферол)
Липидный профиль, базовый"
"Мужчины, экспертный чек-ап",12225,4,"Кровь с edta, сыворотка, кровь с фторидом натрия, кровь с апротинином","СОЭ (венозная кровь)
Клинический анализ крови с лейкоцитарной формулой (5DIFF) (венозная кровь)
Билирубин общий
АЛТ (аланинаминотрансфераза)
АСТ (аспартатаминотрансфераза)
Щелочная фосфатаза
Гамма-глутамилтрансфераза (ГГТ)
Общий белок
Креатинин
Мочевина
Мочевая кислота
С-реактивный белок ультрачувствительный
Мозговой натрийуретический пептид ВNP
Глюкоза
Гликированный гемоглобин А1с
Липопротеин (а)
Гомоцистеин
Кальций общий
Магний
Фосфор неорганический
Цинк
Ферритин
ТТГ (тиреотропный гормон)
Паратгормон
Раково-эмбриональный антиген (РЭА)
Витамин D, суммарный (25- OH витамин D, кальциферол)
Липидный профиль, базовый"
Диагностика паразитарных заболеваний,6930,3,"Кровь с edta, сыворотка","Клинический анализ крови с лейкоцитарной формулой (5DIFF) (венозная кровь)
Антитела к токсоплазме (Toxoplasma gondii), IgG
Антитела к описторхисам (Opisthorchis felineus), IgG
Антитела к эхинококкам (Echinococcus granulosus), IgG
Антитела к токсокарам (Toxocara canis), IgG
Антитела к трихинеллам (Trichinella spiralis), IgG
Антитела к аскаридам (Ascaris Lumbricoides), IgG
Антитела к лямблиям (Lamblia intestinalis), суммарные
Антитела к Helicobacter pylori, IgG
Иммуноглобулин Е (IgE)"
"Холестерин не-ЛПВП (non-HDL, включает определение общего холестерина и ЛПВП)",660,1,Сыворотка,"Холестерин общий
Холестерин липопротеидов высокой плотности"
"Мужчины, 1 уровень (Мутовин)",6045,1,Кровь,"СОЭ (венозная кровь)
Клинический анализ крови с лейкоцитарной формулой (5DIFF) (венозная кровь)
Билирубин общий
АЛТ (аланинаминотрансфераза)
АСТ (аспартатаминотрансфераза)
Гамма-глутамилтрансфераза (ГГТ)
Общий белок
Креатинин
Мочевина
С-реактивный белок
Глюкоза
Гликированный гемоглобин А1с
Кальций общий
ТТГ (тиреотропный гормон)
Тестостерон общий
Липидный профиль, базовый"
"Мужчины, 2 уровень (Мутовин)",13195,10,Кровь,"Билирубин прямой
Щелочная фосфатаза
Мочевая кислота
Гомоцистеин
Кальций ионизированный
Ферритин
Тестостерон свободный (включает определение тестостерона общего и свободного, ГСПГ (SHBG), расчет индекса свободных андрогенов)
Альфа-фетопротеин (АФП)
Кортизол
Раково-эмбриональный антиген (РЭА)
Антиген CA 19-9
Витамин D, суммарный (25- OH витамин D, кальциферол)
Коагулограмма, скрининг
Ртуть в крови, спектрометрия (Hg)
Свинец в крови, спектрометрия (Pb)"
"Мужчины, 3 уровень (Мутовин)",6595,11,Кровь,"Альбумин
Мочевая кислота
Магний
Фосфор неорганический
Инсулинорезистентность (глюкоза, инсулин, индексы HOMA и Caro)
Малоновый диальдегид"
"Женщины, 1 уровень (Мутовин)",6045,1,Кровь,"СОЭ (венозная кровь)
Клинический анализ крови с лейкоцитарной формулой (5DIFF) (венозная кровь)
Билирубин общий
АЛТ (аланинаминотрансфераза)
АСТ (аспартатаминотрансфераза)
Гамма-глутамилтрансфераза (ГГТ)
Общий белок
Креатинин
Мочевина
С-реактивный белок
Глюкоза
Гликированный гемоглобин А1с
Кальций общий
ТТГ (тиреотропный гормон)
Тестостерон общий
Липидный профиль, базовый"
"Женщины, 2 уровень (Мутовин)",13195,10,Кровь,"Билирубин прямой
Щелочная фосфатаза
Гомоцистеин
Кальций ионизированный
Железо
Ферритин
ТТГ (тиреотропный гормон)
Т4 (тироксин) свободный
Т3 (трийодтиронин) свободный
Анти-ТПО (антитела к микросомальной тиреопероксидазе)
ФСГ (фолликулостимулирующий гормон)
ЛГ (лютеинизирующий гормон)
Пролактин
Эстрадиол (Е2)
Прогестерон
17-OH-прогестерон
ДГЭА-сульфат (дегидроэпиандростерон сульфат)
Альфа-фетопротеин (АФП)
С-пептид
Кортизол
Антиген CA 19-9
Антиген СА 125
Антиген CA 15-3
Витамин D, суммарный (25- OH витамин D, кальциферол)
Коагулограмма, скрининг"
"Женщины, 3 уровень (Мутовин)",6595,11,Кровь,"Альбумин
Мочевая кислота
Магний
Фосфор неорганический
Паратгормон
Инсулинорезистентность (глюкоза, инсулин, индексы HOMA и Caro)
Малоновый диальдегид"
"Пренатальный скрининг II триместра беременности (15-19 недель; заключение врача КЛД по исследовательскому отчету): альфа-фетопротеин (АФП), общий бета-ХГЧ, эстриол свободный",2080,1,Сыворотка,"Эстриол свободный
Общий бета-ХГЧ (диагностика беременности, онкомаркер)
Альфа-фетопротеин (АФП)"
"Коагулограмма, расширенная",4095,1,Кровь с цитратом,"Фибриноген
Протромбин (время, по Квику, МНО)
Тромбиновое время
АЧТВ
Антитромбин III
Волчаночный антикоагулянт (скрининг)
Д-димер"
Коэффициент атерогенности (включает определение общего холестерина и ЛПВП),660,1,Сыворотка,"Холестерин общий
Холестерин липопротеидов высокой плотности"
"Холестерин липопротеидов очень низкой плотности (ЛПОНП), (включает определение триглицеридов)",590,1,Сыворотка,Триглицериды
Микроскопическое исследование отделяемого урогенитального тракта(цервикальный канал + влагалище),825,2,"Мазок из влагалища, уретры,","Микроскопическое исследование отделяемого цервикального канала
Микроскопическое исследование отделяемого влагалища"
"TORCH-комплекс, базовый",5580,3,Сыворотка,"Антитела к вирусу простого герпеса I, II типов (Herpes simplex virus I, II), IgM
Антитела к вирусу простого герпеса I, II типов (Herpes simplex virus I, II), IgG
Антитела к цитомегаловирусу (Cytomegalovirus), IgM
Антитела к цитомегаловирусу (Cytomegalovirus), IgG
Антитела к вирусу краснухи, IgM
Антитела к вирусу краснухи, IgG
Антитела к токсоплазме (Toxoplasma gondii), IgM
Антитела к токсоплазме (Toxoplasma gondii), IgG"
Госпитальный хирургический,6450,1,"Кровь с edta, сыворотка, кровь с фторидом натрия, кровь с цитратом","СОЭ (венозная кровь)
Клинический анализ крови с лейкоцитарной формулой (5DIFF) (венозная кровь)
Фибриноген
Протромбин (время, по Квику, МНО)
АЧТВ
Билирубин общий
АЛТ (аланинаминотрансфераза)
АСТ (аспартатаминотрансфераза)
Общий белок
Креатинин
Мочевина
Глюкоза
Поверхностный антиген вируса гепатита В (австралийский антиген, HBsAg)
ВИЧ (антитела и антигены)
Микрореакция на сифилис качественно (RPR)
Антитела к вирусу гепатита С, сум. (Anti-HCV)
Группа крови + Резус-фактор"
Коэффициент насыщения трансферрина железом (включает определение железа и ЛЖСС),790,1,Сыворотка,"Железо
Латентная железосвязывающая способность сыворотки"
"Планирование беременности, базовый",2110,1,Сыворотка,"ФСГ (фолликулостимулирующий гормон)
ЛГ (лютеинизирующий гормон)
Пролактин
Эстрадиол (Е2)"
"Процент свободного ПСА (общий ПСА, свободный ПСА и соотношение)",1310,1,Сыворотка,Простатоспецифический антиген (ПСА) общий
Гормональный профиль (комплекс) для женщин,6705,9,Сыворотка,"ТТГ (тиреотропный гормон)
ФСГ (фолликулостимулирующий гормон)
ЛГ (лютеинизирующий гормон)
Пролактин
Эстрадиол (Е2)
17-OH-прогестерон
Андростендион
ДГЭА-сульфат (дегидроэпиандростерон сульфат)
Тестостерон свободный (включает определение тестостерона общего и свободного, ГСПГ (SHBG), расчет индекса свободных андрогенов)
Кортизол"
Гормональный профиль (комплекс) для мужчин,3155,1,Сыворотка,"ТТГ (тиреотропный гормон)
ФСГ (фолликулостимулирующий гормон)
ЛГ (лютеинизирующий гормон)
Пролактин
Тестостерон свободный (включает определение тестостерона общего и свободного, ГСПГ (SHBG), расчет индекса свободных андрогенов)"
"Пренатальный скрининг I триместра беременности (10-13 недель; заключение врача КЛД по исследовательскому отчету): ассоциированный с беременностью протеин A (PAPP-A), свободная субъединица бета-ХГЧ",1870,1,Сыворотка,"Ассоциированный с беременностью протеин А (РАРР-А)
Свободная субъединица бета-ХГЧ (пренатальный скрининг)"
"Антитела к фосфолипидам (кардиолипину, фосфатидилсерину, фосфатидилинозитолу, фосфатидиловой кислоте), суммарные",1165,8,Сыворотка,Нет данных
Проба Реберга,375,1,"Сыворотка, суточная моча","Креатинин
Креатинин мочи"
"Прогностическая вероятность (значение ROMA, пременопауза) (включает определение антигена СА 125 и опухолевого маркера HE 4)",1990,1,Сыворотка,"Антиген СА 125
Опухолевый маркер НЕ 4"
"Иммунный статус (Иммуноглобулины: IgA, IgM, IgG, иммунограмма базовая, включает анализ крови с лейкоцитарной формулой)",4490,4,Кровь с эдта,"Клинический анализ крови с лейкоцитарной формулой (5DIFF) (венозная кровь)
Иммуноглобулин А (IgA)
Иммуноглобулин М (IgM)
Иммуноглобулин G (IgG)
Иммунограмма базовая (CD3, CD3/4, CD3/8, CD19, CD16/56, CD3/16/56, CD3/HLA-DR, лейкоцитарно-Т-ЛФ индекс, иммунорегуляторный индекс. Включает анализ крови с лейкоцитарной формулой)"
"Антифосфолипидный синдром (АФС) (волчаночный антикоагулянт, антитела к кардиолипину, АТ к бета-2-гликопротеину-1)",3085,11,Сыворотка,"Волчаночный антикоагулянт (скрининг)
Антитела к кардиолипину (суммарные)
Антитела к бета2-гликопротеину"
"Липидный профиль, расширенный",3250,1,Сыворотка,"Холестерин общий
Холестерин липопротеидов низкой плотности
Холестерин липопротеидов очень низкой плотности (ЛПОНП), (включает определение триглицеридов)
Аполипопротеин А1
Аполипопротеин В
Липопротеин (а)"
"Инфекции, передающиеся половым путем (кровь)",7565,3,Сыворотка,"Поверхностный антиген вируса гепатита В (австралийский антиген, HBsAg)
Антитела к ядерному (cor) антигену вируса гепатита В, суммарные (Anti-HBc)
ВИЧ (антитела и антигены)
Антитела к вирусу простого герпеса I, II типов (Herpes simplex virus I, II), IgG
Антитела к хламидии (Chlamydia trachomatis), IgA
Антитела к хламидии (Chlamydia trachomatis), IgG
Антитела к микоплазме (Mycoplasma hominis), IgА
Антитела к микоплазме (Mycoplasma hominis), IgG
Антитела к уреаплазме (Ureaplasma urealyticum), IgА
Антитела к уреаплазме (Ureaplasma urealyticum), IgG
Антитела к трихомонаде (Trichomonas vaginalis), IgG.
Антитела к вирусу гепатита С, сум. (Anti-HCV)
Антитела к бледной трепонеме (T.pallidum), сум."
"Прогностическая вероятность (значение ROMA, постменопауза) (включает определение антигена СА 125 и опухолевого маркера HE 4)",1990,1,Сыворотка,"Антиген СА 125
Опухолевый маркер НЕ 4"
Комплекс «Генотипирование супружеской пары по антигенам гистосовместимости HLA II класса»,9990,9,Кровь с edta,"Антигены системы гистосовместимости HLA II класс, генотипирование (локусы DRB1, DQA1, DQB1)
Антигены системы гистосовместимости HLA II класс: локус DRB1
Антигены системы гистосовместимости HLA II класс: локус DQA1
Антигены системы гистосовместимости HLA II класс: локус DQB1"
"Комплексный анализ крови на наличие тяжёлых металлов и микроэлементов 22 показателя (Li, B, Na, Mg, Si, K, Ca, Ti, Cr, Mn, Fe, Co, Ni, Cu, Zn, As, Se, Mo, Cd, Sb, Hg, Pb)",4540,10,Сыворотка,"Литий в крови, спектрометрия (Li)
Бор в крови, спектрометрия (B)
Натрий в крови, спектрометрия (Na)
Медь в крови, спектрометрия (Cu)
Железо в крови, спектрометрия (Fe)
Магний в крови, спектрометрия (Mg)
Цинк в крови, спектрометрия (Zn)
Кальций в крови, спектрометрия (Ca)
Алюминий в крови, спектрометрия (Al)
Кремний в крови, спектрометрия (Si)
Калий в крови, спектрометрия (K)
Титан в крови, спектрометрия (Ti)
Хром в крови, спектрометрия (Cr)
Марганец в крови, спектрометрия (Mn)
Кобальт в крови, спектрометрия (Co)
Никель в крови, спектрометрия (Ni)
Мышьяк в крови, спектрометрия (As)
Селен в крови, спектрометрия (Se)
Молибден в крови, спектрометрия (Mo)
Кадмий в крови, спектрометрия (Cd)
Сурьма в крови, спектрометрия (Sb)
Ртуть в крови, спектрометрия (Hg)
Свинец в крови, спектрометрия (Pb)"
Чекап от Сапият Ахмедовой,6305,7,Кровь,"СОЭ (венозная кровь)
Клинический анализ крови с лейкоцитарной формулой (5DIFF) (венозная кровь)
Общий белок
Холестерин общий
Ферритин
ТТГ (тиреотропный гормон)
Т4 (тироксин) свободный
Анти-ТПО (антитела к микросомальной тиреопероксидазе)
Инсулин
Витамин В 12 (цианкобаламин)
Витамин D, суммарный (25- OH витамин D, кальциферол)"
Чекап от Смартмамы,6970,1,Кровь,"Клинический анализ крови с лейкоцитарной формулой (5DIFF) (венозная кровь)
Билирубин общий
АЛТ (аланинаминотрансфераза)
АСТ (аспартатаминотрансфераза)
Общий белок
Креатинин
Мочевина
Глюкоза
Холестерин общий
Гомоцистеин
Цинк
Медь
Железо
Ферритин
Витамин D, суммарный (25- OH витамин D, кальциферол)"
Чекап от Смартмамы Антиковид,4120,3,Кровь,"Клинический анализ крови с лейкоцитарной формулой (5DIFF) (венозная кровь)
Д-димер
АЛТ (аланинаминотрансфераза)
АСТ (аспартатаминотрансфераза)
С-реактивный белок
Ферритин
Антитела IgG к N  белку коронавируса SARS-Cov2 (COVID-19), нуклеокапсидный белок, США
Антитела IgM к S- и N-белкам коронавируса SARS-CоV-2 (Вектор-Бест, Россия)"
Чекап Ассоциация Нутрициологов,10990,1,Кровь,"Клинический анализ крови с лейкоцитарной формулой (5DIFF) (венозная кровь)
АЛТ (аланинаминотрансфераза)
АСТ (аспартатаминотрансфераза)
Щелочная фосфатаза
Альбумин
Общий белок
Креатинин
Мочевина
Мочевая кислота
С-реактивный белок ультрачувствительный
Глюкоза
Гликированный гемоглобин А1с
Холестерин липопротеидов низкой плотности
Холестерин липопротеидов очень низкой плотности (ЛПОНП), (включает определение триглицеридов)
Железо
Ферритин
ТТГ (тиреотропный гормон)
Т4 (тироксин) свободный
Т3 (трийодтиронин) свободный
Анти-ТПО (антитела к микросомальной тиреопероксидазе)
Инсулин
Витамин В 9 (фолиевая кислота, Folic acid, Фолат)
Витамин D, суммарный (25- OH витамин D, кальциферол)
Коэффициент атерогенности (включает определение общего холестерина и ЛПВП)"
Чекап от Доктора Вермис,14560,8,Кровь,"СОЭ (венозная кровь)
Клинический анализ крови с лейкоцитарной формулой (5DIFF) (венозная кровь)
Общий белок
Эозинофильный катионный белок (ECP)
Железо
Ферритин
ТТГ (тиреотропный гормон)
Т4 (тироксин) общий
Т3 (трийодтиронин) общий
Анти-ТПО (антитела к микросомальной тиреопероксидазе)
Антитела к рецепторам тиреотропного гормона (АТ р-ТТГ)
Антитела к токсоплазме (Toxoplasma gondii), IgM
Авидность IgG к токсоплазме (Toxoplasma gondii) (включает определение антител к токсоплазме, IgG)
Антитела к описторхисам (Opisthorchis felineus), IgG
Антитела к эхинококкам (Echinococcus granulosus), IgG
Антитела к трихинеллам (Trichinella spiralis), IgG
Антитела к шистосомам (Schistosoma mansoni), IgG
Антитела к угрице кишечной (Strongyloides stercoralis), IgG
Антитела к печеночному сосальщику (Fasciola hepatica), IgG
Антитела к аскаридам (Ascaris Lumbricoides), IgG
Антитела к лямблиям (Lamblia intestinalis), суммарные
Иммуноглобулин А (IgA)
Иммуноглобулин Е (IgE)
Антитела к клонорхам (Clonorchis sinensis), IgG"
Чекап от Екатерины Новиковой минимальный,5775,1,Кровь,"Клинический анализ крови с лейкоцитарной формулой (5DIFF) (венозная кровь)
Билирубин общий
Билирубин прямой
АЛТ (аланинаминотрансфераза)
АСТ (аспартатаминотрансфераза)
Холестерин липопротеидов низкой плотности
Холестерин липопротеидов очень низкой плотности (ЛПОНП), (включает определение триглицеридов)
Гомоцистеин
Витамин D, суммарный (25- OH витамин D, кальциферол)
Коэффициент атерогенности (включает определение общего холестерина и ЛПВП)"
Чекап от Прудниковой,19970,11,Кровь,"Клинический анализ крови с лейкоцитарной формулой (5DIFF) (венозная кровь)
Амилаза панкреатическая
Общий белок
С-реактивный белок
Церулоплазмин
Эозинофильный катионный белок (ECP)
Гомоцистеин
Лептин
Ферритин
Гастрин
Соотношение концентраций пепсиноген I и пепсиноген II
Антитела к Helicobacter pylori, IgG
Антинейтрофильные цитоплазматические антитела, IgG (ANCA), Сombi 6
Антитела к Sacchаromyces cerevisiae (ASCA), IgG
Витамин В 9 (фолиевая кислота, Folic acid, Фолат)
Витамин В 12 (цианкобаламин)
Витамин D, суммарный (25- OH витамин D, кальциферол)
Липидный профиль, базовый
Определение микробиоценоза (по Осипову) методом хромато-масс-спектрометрии (МСММ)"
Чекап от Шильдт,12770,7,Кровь,"Клинический анализ крови с лейкоцитарной формулой (5DIFF) (венозная кровь)
Билирубин непрямой (включает определение общего и прямого билирубина)
АЛТ (аланинаминотрансфераза)
АСТ (аспартатаминотрансфераза)
Щелочная фосфатаза
Гамма-глутамилтрансфераза (ГГТ)
Общий белок
Креатинин
Мочевина
Эозинофильный катионный белок (ECP)
Глюкоза
Холестерин общий
Холестерин липопротеидов низкой плотности
Гомоцистеин
Ферритин
Общая железосвязывающая способность сыворотки (ОЖСС) (включает определение железа, ЛЖСС)
ТТГ (тиреотропный гормон)
Т4 (тироксин) свободный
Т3 (трийодтиронин) свободный
Анти-ТПО (антитела к микросомальной тиреопероксидазе)
Инсулин
Витамин В 9 (фолиевая кислота, Folic acid, Фолат)
Витамин В 12 (цианкобаламин)
Витамин D, суммарный (25- OH витамин D, кальциферол)
Холестерин липопротеидов высокой плотности"
Чекап от Юсиповой Юлии,18455,8,Кровь,"СОЭ (венозная кровь)
Клинический анализ крови с лейкоцитарной формулой (5DIFF) (венозная кровь)
Фибриноген
Билирубин общий
Билирубин прямой
АЛТ (аланинаминотрансфераза)
АСТ (аспартатаминотрансфераза)
Щелочная фосфатаза
Гамма-глутамилтрансфераза (ГГТ)
Креатинкиназа (КФК)
Белковые фракции (включает определение общего белка и альбумина)
Мочевина
Мочевая кислота
С-реактивный белок ультрачувствительный
Глюкоза
Гликированный гемоглобин А1с
Фруктозамин
Триглицериды
Холестерин общий
Холестерин липопротеидов низкой плотности
Гомоцистеин
Лептин
Натрий, калий, хлор (Na/K/Cl)
Кальций общий
Магний
Фосфор неорганический
Трансферрин
Коэффициент насыщения трансферрина железом (включает определение железа и ЛЖСС)
Ферритин
ТТГ (тиреотропный гормон)
Т4 (тироксин) свободный
Т3 (трийодтиронин) свободный
Т4 (тироксин) общий
Т3 (трийодтиронин) общий
Анти-ТГ (антитела к тиреоглобулину)
Анти-ТПО (антитела к микросомальной тиреопероксидазе)
Инсулин
С-пептид
Витамин D, суммарный (25- OH витамин D, кальциферол)
Скорость клубочковой фильтрации (CKD-EPI - взрослые/формула Шварца - дети;  включает определение креатинина)
Холестерин липопротеидов высокой плотности"
Чекап Шефовой Юлии Андреевны,11630,7,Кровь,"СОЭ (венозная кровь)
Клинический анализ крови с лейкоцитарной формулой (5DIFF) (венозная кровь)
Билирубин общий
АЛТ (аланинаминотрансфераза)
АСТ (аспартатаминотрансфераза)
Общий белок
Креатинин
Мочевина
Глюкоза
Холестерин общий
Железо
Ферритин
ТТГ (тиреотропный гормон)
Т4 (тироксин) свободный
Анти-ТПО (антитела к микросомальной тиреопероксидазе)
ФСГ (фолликулостимулирующий гормон)
ЛГ (лютеинизирующий гормон)
Пролактин
Эстрадиол (Е2)
ДГЭА-сульфат (дегидроэпиандростерон сульфат)
Тестостерон общий
Катехоламины крови (адреналин, норадреналин, дофамин) и серотонин
Антиген СА 125
Антиген CA 15-3"
Чекап Энергия (БиоДата),28370,10,Кровь,"СОЭ (венозная кровь)
Клинический анализ крови с лейкоцитарной формулой (5DIFF) (венозная кровь)
Ретикулоциты
Билирубин прямой
Антистрептолизин-О (АСЛО)
Трансферрин
Ферритин
Общая железосвязывающая способность сыворотки (ОЖСС) (включает определение железа, ЛЖСС)
Т4 (тироксин) общий
Т3 (трийодтиронин) общий
Катехоламины крови (адреналин, норадреналин, дофамин) и серотонин
ДНК цитомегаловируса (Cytomegalovirus), количественно
ДНК вируса простого герпеса I типа (Herpes simplex virus I), количественно
ДНК вируса простого герпеса II типа (Herpes simplex virus II), количественно
ДНК вируса герпеса VI типа (Human herpes virus VI) , количественно
ДНК вируса Эпштейна-Барр (Epstein-Barr virus), количественно
Витамин В 6 (пиридоксин)
Витамин В 9 (фолиевая кислота, Folic acid, Фолат)
Витамин В 12 (цианкобаламин)
Витамин D, суммарный (25- OH витамин D, кальциферол)
Биохимический анализ крови
Обследование щитовидной железы
Исследование стероидного профиля крови методом тандемной масс-спектрометрии
Литий в крови, спектрометрия (Li)
Селен в крови, спектрометрия (Se)"
Чекап доктор Гортованова,15710,8,Кровь,"СОЭ (венозная кровь)
Клинический анализ крови с лейкоцитарной формулой (5DIFF) (венозная кровь)
Билирубин непрямой (включает определение общего и прямого билирубина)
АЛТ (аланинаминотрансфераза)
АСТ (аспартатаминотрансфераза)
Щелочная фосфатаза
Гамма-глутамилтрансфераза (ГГТ)
Общий белок
Креатинин
Мочевина
Мочевая кислота
Эозинофильный катионный белок (ECP)
Гликированный гемоглобин А1с
Триглицериды
Холестерин общий
Холестерин липопротеидов низкой плотности
Гомоцистеин
Ферритин
ТТГ (тиреотропный гормон)
Т4 (тироксин) свободный
Т3 (трийодтиронин) свободный
Анти-ТПО (антитела к микросомальной тиреопероксидазе)
Витамин В 6 (пиридоксин)
Витамин В 9 (фолиевая кислота, Folic acid, Фолат)
Витамин В 12 (цианкобаламин)
Витамин D, суммарный (25- OH витамин D, кальциферол)
Инсулинорезистентность (глюкоза, инсулин, индексы HOMA и Caro)
Холестерин липопротеидов высокой плотности"
Чекап Елена Яровова,13880,7,Кровь,"Клинический анализ крови с лейкоцитарной формулой (5DIFF) (венозная кровь)
Билирубин непрямой (включает определение общего и прямого билирубина)
АЛТ (аланинаминотрансфераза)
АСТ (аспартатаминотрансфераза)
Общий белок
Креатинин
Мочевая кислота
Глюкоза
Гликированный гемоглобин А1с
Гомоцистеин
Кальций ионизированный
Магний
Цинк
Железо
Ферритин
ТТГ (тиреотропный гормон)
Т4 (тироксин) свободный
Т3 (трийодтиронин) свободный
Анти-ТГ (антитела к тиреоглобулину)
Анти-ТПО (антитела к микросомальной тиреопероксидазе)
Инсулин
Витамин В 9 (фолиевая кислота, Folic acid, Фолат)
Витамин В 12 (цианкобаламин)
Витамин D, суммарный (25- OH витамин D, кальциферол)
Липидный профиль, базовый"
Чекап от Рябичко,11870,7,Кровь,"Клинический анализ крови с лейкоцитарной формулой (5DIFF) (венозная кровь)
Билирубин непрямой (включает определение общего и прямого билирубина)
АЛТ (аланинаминотрансфераза)
АСТ (аспартатаминотрансфераза)
Гамма-глутамилтрансфераза (ГГТ)
Общий белок
Эозинофильный катионный белок (ECP)
Триглицериды
Холестерин общий
Холестерин липопротеидов низкой плотности
Цинк
Медь
Железо
Ферритин
ТТГ (тиреотропный гормон)
Т4 (тироксин) свободный
Т3 (трийодтиронин) свободный
Анти-ТПО (антитела к микросомальной тиреопероксидазе)
Иммуноглобулин Е (IgE)
Витамин В 9 (фолиевая кислота, Folic acid, Фолат)
Витамин В 12 (цианкобаламин)
Витамин D, суммарный (25- OH витамин D, кальциферол)
Инсулинорезистентность (глюкоза, инсулин, индексы HOMA и Caro)
Холестерин липопротеидов высокой плотности"
Чекап Петроченкова минимум,6840,1,Кровь,"Клинический анализ крови с лейкоцитарной формулой (5DIFF) (венозная кровь)
Билирубин общий
АЛТ (аланинаминотрансфераза)
АСТ (аспартатаминотрансфераза)
Щелочная фосфатаза
Гамма-глутамилтрансфераза (ГГТ)
Общий белок
Креатинин
Мочевина
Мочевая кислота
Глюкоза
Холестерин общий
Ферритин
ТТГ (тиреотропный гормон)
Т4 (тироксин) свободный
Т3 (трийодтиронин) свободный
Анти-ТГ (антитела к тиреоглобулину)
Анти-ТПО (антитела к микросомальной тиреопероксидазе)
Инсулин"
Чекап Петроченкова оптимум,10420,7,Кровь,"Клинический анализ крови с лейкоцитарной формулой (5DIFF) (венозная кровь)
Билирубин непрямой (включает определение общего и прямого билирубина)
АЛТ (аланинаминотрансфераза)
АСТ (аспартатаминотрансфераза)
Щелочная фосфатаза
Гамма-глутамилтрансфераза (ГГТ)
Амилаза панкреатическая
Альбумин
Общий белок
Креатинин
Мочевина
Мочевая кислота
Глюкоза
Холестерин липопротеидов низкой плотности
Холестерин липопротеидов очень низкой плотности (ЛПОНП), (включает определение триглицеридов)
Ферритин
ТТГ (тиреотропный гормон)
Т4 (тироксин) свободный
Т3 (трийодтиронин) свободный
Анти-ТГ (антитела к тиреоглобулину)
Анти-ТПО (антитела к микросомальной тиреопероксидазе)
Инсулин
Витамин В 9 (фолиевая кислота, Folic acid, Фолат)
Витамин В 12 (цианкобаламин)
Коэффициент атерогенности (включает определение общего холестерина и ЛПВП)"
Чекап от Гофман,22710,7,"Кровь, слюна","СОЭ (венозная кровь)
Клинический анализ крови с лейкоцитарной формулой (5DIFF) (венозная кровь)
Билирубин общий
АЛТ (аланинаминотрансфераза)
АСТ (аспартатаминотрансфераза)
Щелочная фосфатаза
Гамма-глутамилтрансфераза (ГГТ)
Лактатдегидрогеназа (ЛДГ)
Альфа-амилаза
Креатинкиназа (КФК)
Альбумин
Общий белок
Креатинин
Мочевина
Мочевая кислота
С-реактивный белок ультрачувствительный
Эозинофильный катионный белок (ECP)
Антистрептолизин-О (АСЛО)
Глюкоза
Триглицериды
Холестерин общий
Гомоцистеин
Натрий, калий, хлор (Na/K/Cl)
Кальций общий
Кальций ионизированный
Железо
Ферритин
ТТГ (тиреотропный гормон)
Т4 (тироксин) свободный
Т3 (трийодтиронин) свободный
ДГЭА-сульфат (дегидроэпиандростерон сульфат)
Паратгормон
Инсулин
ДНК цитомегаловируса (Cytomegalovirus)
ДНК вируса простого герпеса I и II типa (Herpes simplex virus I, II)
ДНК вируса герпеса VI типа (Human herpes virus VI)
ДНК вируса Эпштейна-Барр (Epstein-Barr virus), количественно
Витамин В 9 (фолиевая кислота, Folic acid, Фолат)
Витамин В 12 (цианкобаламин)
Витамин D, суммарный (25- OH витамин D, кальциферол)
Общий анализ мочи
Общий анализ кала (копрограмма)
Определение микробиоценоза (по Осипову) методом хромато-масс-спектрометрии (МСММ)"
Чекап от Наталии Горн,18370,7,Кровь,"СОЭ (венозная кровь)
Клинический анализ крови с лейкоцитарной формулой (5DIFF) (венозная кровь)
Фибриноген
Билирубин непрямой (включает определение общего и прямого билирубина)
АЛТ (аланинаминотрансфераза)
АСТ (аспартатаминотрансфераза)
Гамма-глутамилтрансфераза (ГГТ)
Альфа-амилаза
Липаза
Белковые фракции (включает определение общего белка и альбумина)
Мочевина
Мочевая кислота
С-реактивный белок ультрачувствительный
Эозинофильный катионный белок (ECP)
Антистрептолизин-О (АСЛО)
Гликированный гемоглобин А1с
Триглицериды
Холестерин липопротеидов низкой плотности
Гомоцистеин
Трансферрин
Ферритин
Общая железосвязывающая способность сыворотки (ОЖСС) (включает определение железа, ЛЖСС)
ТТГ (тиреотропный гормон)
Т4 (тироксин) свободный
Т3 (трийодтиронин) свободный
Анти-ТГ (антитела к тиреоглобулину)
Анти-ТПО (антитела к микросомальной тиреопероксидазе)
Иммуноглобулин Е (IgE)
Витамин В 9 (фолиевая кислота, Folic acid, Фолат)
Витамин В 12 (цианкобаламин)
Инсулинорезистентность (глюкоза, инсулин, индексы HOMA и Caro)
Коэффициент атерогенности (включает определение общего холестерина и ЛПВП)
25-гидроксихолекальциферол витамин D3, ВЭЖХ - МС"
Чекап от Зайченко Анастасии,11510,7,Кровь,"Клинический анализ крови с лейкоцитарной формулой (5DIFF) (венозная кровь)
Фибриноген
Протромбин (время, по Квику, МНО)
Тромбиновое время
АЧТВ
Альбумин
Общий белок
Глюкоза
Железо
Ферритин
ТТГ (тиреотропный гормон)
Т4 (тироксин) свободный
Т3 (трийодтиронин) свободный
Анти-ТПО (антитела к микросомальной тиреопероксидазе)
Пролактин
Инсулин
Кортизол
Витамин В 9 (фолиевая кислота, Folic acid, Фолат)
Витамин В 12 (цианкобаламин)
Витамин D, суммарный (25- OH витамин D, кальциферол)
Липидный профиль, базовый"
Чекап от Осиповой Аллы Юрьевны,6490,10,Кровь,"Клинический анализ крови с лейкоцитарной формулой (5DIFF) (венозная кровь)
Билирубин непрямой (включает определение общего и прямого билирубина)
Гамма-глутамилтрансфераза (ГГТ)
Креатинин
С-реактивный белок
Эозинофильный катионный белок (ECP)
Гликированный гемоглобин А1с
Гомоцистеин
Ферритин
ТТГ (тиреотропный гормон)
Железо в крови, спектрометрия (Fe)"
"Гематологический, диагностика анемий",4835,7,"Кровь с edta, сыворотка","Клинический анализ крови с лейкоцитарной формулой (5DIFF) (венозная кровь)
Ретикулоциты
Билирубин общий
Билирубин прямой
Железо
Трансферрин
Ферритин
Латентная железосвязывающая способность сыворотки
Витамин В 9 (фолиевая кислота, Folic acid, Фолат)
Витамин В 12 (цианкобаламин)"
TORCH-комплекс с авидностью,6345,4,Сыворотка,"Антитела к вирусу простого герпеса I, II типов (Herpes simplex virus I, II), IgM
Авидность IgG к вирусу простого герпеса I,II типов (Herpes simplex virus I, II) (включает определение антител к вирусу простого герпеса I, II типов, IgG)
Антитела к цитомегаловирусу (Cytomegalovirus), IgM
Авидность IgG к цитомегаловирусу (Cytomegalovirus) (включает определение антител к цитомегаловирусу, IgG)
Антитела к вирусу краснухи, IgM
Авидность IgG к вирусу краснухи (включает определение антител к вирусу краснухи, IgG)
Антитела к токсоплазме (Toxoplasma gondii), IgM
Авидность IgG к токсоплазме (Toxoplasma gondii) (включает определение антител к токсоплазме, IgG)"
Обследование печени,3855,1,"Сыворотка, кровь с цитратом","Протромбин (время, по Квику, МНО)
Билирубин общий
Билирубин прямой
АЛТ (аланинаминотрансфераза)
АСТ (аспартатаминотрансфераза)
Щелочная фосфатаза
Гамма-глутамилтрансфераза (ГГТ)
Холинэстераза
Общий белок
Белковые фракции (включает определение общего белка и альбумина)
Холестерин общий"
"Комплексный анализ крови на витамины (A, D, E, K, C, B1, B5, B6, В9, B12)",17390,8,"Сыворотка, кровь с эдта, кровь с гепарином","Витамин А (ретинол)
Витамин В 1 (тиамин)
Витамин В 5 (пантотеновая кислота)
Витамин В 6 (пиридоксин)
Витамин В 9 (фолиевая кислота, Folic acid, Фолат)
Витамин В 12 (цианкобаламин)
Витамин С (аскорбиновая кислота)
Витамин D, суммарный (25- OH витамин D, кальциферол)
Витамин Е (токоферол)
Витамин К (филлохинон)"
"Онкологический для мужчин, биохимический",4380,7,Сыворотка,"Общий бета-ХГЧ (диагностика беременности, онкомаркер)
Альфа-фетопротеин (АФП)
Раково-эмбриональный антиген (РЭА)
Антиген CA 19-9
Антиген СА 72-4"
Обследование щитовидной железы,6135,5,"Сыворотка, кровь с апротинином","ТТГ (тиреотропный гормон)
Т4 (тироксин) свободный
Т3 (трийодтиронин) свободный
Анти-ТГ (антитела к тиреоглобулину)
Анти-ТПО (антитела к микросомальной тиреопероксидазе)
Антитела к рецепторам тиреотропного гормона (АТ р-ТТГ)
Тиреоглобулин
Кальцитонин"
"TORCH-комплекс, скрининг",2250,3,Сыворотка,"Антитела к вирусу простого герпеса II типа (Herpes simplex virus II), IgG
Антитела к цитомегаловирусу (Cytomegalovirus), IgG
Антитела к вирусу краснухи, IgG
Антитела к токсоплазме (Toxoplasma gondii), IgG"
"TORCH-комплекс, расширенный",6305,3,Сыворотка,"Антитела к вирусу простого герпеса I, II типов (Herpes simplex virus I, II), IgM
Антитела к вирусу простого герпеса I, II типов (Herpes simplex virus I, II), IgG
Антитела к цитомегаловирусу (Cytomegalovirus), IgM
Антитела к цитомегаловирусу (Cytomegalovirus), IgG
Антитела к вирусу краснухи, IgM
Антитела к вирусу краснухи, IgG
Антитела к токсоплазме (Toxoplasma gondii), IgM
Антитела к токсоплазме (Toxoplasma gondii), IgG
Антитела к хламидии (Chlamydia trachomatis), IgA
Антитела к хламидии (Chlamydia trachomatis), IgG"
"Онкологический для женщин, биохимический",6880,7,Сыворотка,"Альфа-фетопротеин (АФП)
Раково-эмбриональный антиген (РЭА)
Антиген CA 19-9
Антиген СА 72-4
Антиген СА 125
Антиген CA 15-3
Антиген плоскоклеточной карциномы (SCCA)"
Гастрокомплекс,3160,1,Сывортка,"Гастрин
Соотношение концентраций пепсиноген I и пепсиноген II
Антитела к Helicobacter pylori, IgG"
Госпитальный терапевтический,4105,1,"Кровь с edta, сыворотка, кровь с фторидом натрия","СОЭ (венозная кровь)
Клинический анализ крови с лейкоцитарной формулой (5DIFF) (венозная кровь)
Билирубин общий
АЛТ (аланинаминотрансфераза)
АСТ (аспартатаминотрансфераза)
Общий белок
Креатинин
Мочевина
Глюкоза
Поверхностный антиген вируса гепатита В (австралийский антиген, HBsAg)
ВИЧ (антитела и антигены)
Микрореакция на сифилис качественно (RPR)
Антитела к вирусу гепатита С, сум. (Anti-HCV)"
"Комплексный анализ волос на наличие тяжёлых металлов и микроэлементов. 23 показателя (Li, B, Na, Mg, Al, Si, K, Ca, Ti, Cr, Mn, Fe, Co, Ni, Cu, Zn, As, Se, Mo, Cd, Sb, Hg, Pb)",4540,9,Волосы,"Литий в волосах, спектрометрия (Li)
Бор в волосах, спектрометрия (B)
Натрий в волосах, спектрометрия (Na)
Магний в волосах, спектрометрия (Mg)
Алюминий в волосах, спектрометрия (Al)
Кремний в волосах, спектрометрия (Si)
Калий в волосах, спектрометрия (K)
Кальций общий в волосах, спектрометрия (Ca)
Титан в волосах, спектрометрия (Ti)
Хром в волосах, спектрометрия (Cr)
Марганец в волосах, спектрометрия (Mn)
Железо в волосах, спектрометрия (Fe)
Кобальт в волосах, спектрометрия (Co)
Никель в волосах, спектрометрия (Ni)
Медь в волосах, спектрометрия (Cu)
Цинк в волосах, спектрометрия (Zn)
Мышьяк в волосах, спектрометрия (As)
Селен в волосах, спектрометрия (Se)
Молибден в волосах, спектрометрия (Mo)
Кадмий в волосах, спектрометрия (Cd)
Сурьма в волосах, спектрометрия (Sb)
Ртуть в волосах, спектрометрия (Hg)
Свинец в волосах, спектрометрия (Pb)"
"Нефрологический, биохимический",2075,1,Сыворотка,"Альбумин
Креатинин
Мочевина
Натрий, калий, хлор (Na/K/Cl)
Магний
Фосфор неорганический"
Скорость клубочковой фильтрации (CKD-EPI - взрослые/формула Шварца - дети;  включает определение креатинина),320,1,Сыворотка,Креатинин
"Вирусы группы герпеса (EBV, CMV, HHV6)",1185,1,Мазок из ротоглотки,"ДНК цитомегаловируса (Cytomegalovirus)
ДНК вируса герпеса VI типа (Human herpes virus VI)
ДНК вируса Эпштейна-Барр (Epstein-Barr virus)"
Планирование беременности (гормоны) - лютеиновая фаза,3305,3,Сыворотка,"ТТГ (тиреотропный гормон)
Прогестерон
17-OH-прогестерон
ДГЭА-сульфат (дегидроэпиандростерон сульфат)
Тестостерон свободный (включает определение тестостерона общего и свободного, ГСПГ (SHBG), расчет индекса свободных андрогенов)"
"Диагностика диабета, биохимический",4560,8,"Сыворотка, кровь с edta, кровь с фторидом натрия","Глюкоза
Гликированный гемоглобин А1с
Инсулин
С-пептид
Антитела к островковым клеткам (ICA)
Антитела к инсулину (IAА)"
"Ревматологический, расширенный",8745,4,Сыворотка,"Мочевая кислота
С-реактивный белок
Ревматоидный фактор (РФ)
Антистрептолизин-О (АСЛО)
Антитела к хламидии (Chlamydia trachomatis), IgG
Антинуклеарные антитела, иммуноблот (антигены :nRNP,Sm,SS-A(SS-A нативный и Ro-52),SS-B,Scl-70,Jo-1,CENP B,dsDNA,нуклеосомам, гистонам и рибосомальному белку Р)
Антитела к циклическому цитрулиновому пептиду (АССР, anti-CCP)
Антинейтрофильные цитоплазматические антитела, IgG (ANCA), Сombi 6"
"Водорастворимые витамины (B1, B5, B6, В9, В12, С)",9525,8,"Сыворотка, кровь с эдта, кровь с гепарином","Витамин В 1 (тиамин)
Витамин В 5 (пантотеновая кислота)
Витамин В 6 (пиридоксин)
Витамин В 9 (фолиевая кислота, Folic acid, Фолат)
Витамин В 12 (цианкобаламин)
Витамин С (аскорбиновая кислота)"
"Жирорастворимые витамины (A, D, E, K)",8340,8,Сыворотка,"Витамин А (ретинол)
Витамин D, суммарный (25- OH витамин D, кальциферол)
Витамин Е (токоферол)
Витамин К (филлохинон)"
"Спорт. Биохимическая оценка работоспособности, скрининг",1690,1,Сыворотка,"АЛТ (аланинаминотрансфераза)
АСТ (аспартатаминотрансфераза)
Общий белок
Креатинин
Мочевина
Тестостерон общий
Кортизол"
"Альдостерон-рениновое соотношение (включает: альдостерон, прямое определение ренина, соотношение)",1980,1,Кровь с апротинином,"Альдостерон
Ренин"
Спорт. Базовый,1370,1,"Кровь с edta, сыворотка, кровь с фторидом натрия","Клинический анализ крови с лейкоцитарной формулой (5DIFF) (венозная кровь)
Ретикулоциты
Билирубин общий
Глюкоза
ТТГ (тиреотропный гормон)"
"Диагностика гепатитов, скрининг",3785,1,Сыворотка,"Антитела к вирусу гепатита А IgM (anti-HAV IgM)
Антитела к вирусу гепатита А IgG (anti-HAV IgG)
Поверхностный антиген вируса гепатита В (австралийский антиген, HBsAg)
Антитела к поверхностному антигену вируса гепатита В (Anti-HBs)
Антитела к ядерному (cor) антигену вируса гепатита В, суммарные (Anti-HBc)
Антитела к вирусу гепатита С, сум. (Anti-HCV)"
Кардиологический,5615,1,"Сыворотка, кровь с цитратом","Фибриноген
Протромбин (время, по Квику, МНО)
Лактатдегидрогеназа (ЛДГ)
Креатинкиназа-МВ
Тропонин I
С-реактивный белок ультрачувствительный
Холестерин общий
Холестерин липопротеидов низкой плотности
Гомоцистеин
Натрий, калий, хлор (Na/K/Cl)
ТТГ (тиреотропный гормон)"
Пакет «Риски возникновения сердечно-сосудистых заболеваний»*,8340,8,Кровь с edta,"Генетический риск нарушений системы свертывания (F2, F5, F7, FGB, F13A1, SERPINE1, ITGA2, ITGB3 - 8 точек)
Генетические дефекты ферментов фолатного цикла (MTHFR, MTR, MTRR - 4 точки)
Генетическая предрасположенность к гипертонии (AGT, ADD1, AGTR1, AGTR2, CYP11B2, GNB3, NOS3 - 10 точек)"
"Маркеры остеопороза, биохимический",7310,8,"Сыворотка, кровь с гепарином, кровь с апротинином","Кальций общий
Фосфор неорганический
Паратгормон
Кальцитонин
Остеокальцин
С-концевые телопептиды коллагена I типа (Beta-Cross laps )
Витамин D, суммарный (25- OH витамин D, кальциферол)"
"Антигены системы гистосовместимости HLA II класс, генотипирование (локусы DRB1, DQA1, DQB1)",7110,9,Кровь с edta,"Антигены системы гистосовместимости HLA II класс: локус DRB1
Антигены системы гистосовместимости HLA II класс: локус DQA1
Антигены системы гистосовместимости HLA II класс: локус DQB1"
Диагностика сосудистых заболеваний головного мозга,4750,8,"Кровь с edta, сыворотка,  кровь с цитратом","СОЭ (венозная кровь)
Клинический анализ крови с лейкоцитарной формулой (5DIFF) (венозная кровь)
Фибриноген
Протромбин (время, по Квику, МНО)
Антитромбин III
Церулоплазмин
Холестерин общий
Холестерин липопротеидов низкой плотности
Холестерин липопротеидов очень низкой плотности (ЛПОНП), (включает определение триглицеридов)
Антитела к фосфолипидам (кардиолипину, фосфатидилсерину, фосфатидилинозитолу, фосфатидиловой кислоте), суммарные"
Скрининговая диагностика ВИЧ,2935,5,"Кровь с edta и разделительным гелем, сыворотка","РНК ВИЧ,  кровь, кач.
ВИЧ (антитела и антигены)"
"Диагностика нарушений функции яичников (антимюллеров гормон, антитела к стероидпродуцирующим клеткам яичников)",2700,8,Сыворотка,"Антимюллеров гормон
Антитела к стероид-продуцирующим клеткам яичника (АСКП-Ovary); Антиовариальные антитела (AOA)"
Пакет «ОнкоРиски»* BRCA1: 185delAG (rs80357713) BRCA1: 4153delA (rs80357711) BRCA1: 5382insC (rs80357906) BRCA1: 3819del5 (rs80357609) BRCA1: 3875del4 (rs80357868) BRCA1: 300T>G (rs28897672) BRCA1: 2080delA (rs80357522) BRCA2: 6174delT (rs80359550) MTHFR: 677C>T (rs1801133) MTHFR: 1298A>C (rs1801131) MTR: 2756A>G (rs1805087) MTRR: 66A>G (rs1801394),7695,8,Кровь с edta,"Генетические дефекты ферментов фолатного цикла (MTHFR, MTR, MTRR - 4 точки)
Генетический риск развития рака молочной железы и рака яичников (BRCA1, BRCA2 - 8 показателей)"
Дифференциальная диагностика заболеваний ЖКТ,7615,8,Кал,"Опухолевая пируваткиназа Тu М2 (в кале)
Исследование кала на трансферрин и гемоглобин
Панкреатическая эластаза 1 в кале
Кальпротектин (в кале)"
"Комплексный анализ мочи на наличие тяжёлых металлов и микроэлементов. 23 показателя (Li, B, Na, Mg, Al, Si, K, Ca, Ti, Cr, Mn, Fe, Co, Ni, Cu, Zn, As, Se, Mo, Cd, Sb, Hg, Pb)",4540,9,Разовая порция мочи,"Литий в моче, спектрометрия (Li)
Бор в моче, спектрометрия (B)
Натрий в моче, спектрометрия (Na)
Кальций в моче, спектрометрия (Ca)
Магний в моче, спектрометрия (Mg)
Алюминий в моче, спектрометрия (Al)
Кремний в моче, спектрометрия (Si)
Калий в моче, спектрометрия (K)
Титан в моче, спектрометрия (Ti)
Хром в моче, спектрометрия (Cr)
Марганец в моче, спектрометрия (Mn)
Железо в моче, спектрометрия (Fe)
Кобальт в моче, спектрометрия (Co)
Никель в моче, спектрометрия (Ni)
Суточная экскреция меди, спектрометрия (Cu)
Цинк в моче, спектрометрия (Zn)
Мышьяк в моче, спектрометрия (As)
Селен в моче, спектрометрия (Se)
Молибден в моче, спектрометрия (Mo)
Кадмий в моче, спектрометрия (Cd)
Ртуть в моче, спектрометрия (Hg)
Свинец в моче, спектрометрия (Pb)"
"Катехоламины мочи (адреналин, норадреналин, дофамин) и их метаболиты (ванилилминдальная кислота, гомованилиновая кислота, 5-гидроксииндолуксусная кислота)",5605,7,Суточная моча,"Катехоламины мочи (адреналин, норадреналин, дофамин)
Метаболиты катехоламинов в моче (ванилилминдальная кислота, гомованилиновая кислота, 5-гидроксииндолуксусная кислота)"
Фитнес. Физические нагрузки,3455,1,"Кровь с edta, сыворотка, кровь с фторидом натрия","Клинический анализ крови с лейкоцитарной формулой (5DIFF) (венозная кровь)
АЛТ (аланинаминотрансфераза)
АСТ (аспартатаминотрансфераза)
Креатинкиназа (КФК)
Креатинин
Мочевина
Миоглобин
Молочная кислота (лактат)"
"Пренатальный скрининг I триместра беременности ASTRAIA (8-14 недель): Ассоциированный с беременностью протеин А (PAPP-A), Свободная субъединица бета-ХГЧ",3350,7,Сыворотка,"Ассоциированный с беременностью протеин А (РАРР-А)
Свободная субъединица бета-ХГЧ (пренатальный скрининг)"
Диагностика демиелинизирующих заболеваний,8105,10,Сыворотка,"С-реактивный белок
Церулоплазмин
Ревматоидный фактор (РФ)
Ферритин
Антитела к аквапорину -4
Антитела к глутаматному рецептору NMDA-типа"
Диагностика дегенеративных заболеваний позвоночника,10210,10,"Сыворотка, кровь с апротинином","Креатинин
Мочевая кислота
Миоглобин
С-реактивный белок
Ревматоидный фактор (РФ)
Антистрептолизин-О (АСЛО)
Паратгормон
Остеокальцин
Антитела при полимиозите, иммуноблот (Mi-2, Ku, Pm-Scl100, Pm-Scl75, SPR, Ro-52, Jo-1, PL-7, PL-12, EJ, OJ)
Витамин D, суммарный (25- OH витамин D, кальциферол)"
Диагностика нейрогенных опухолей,9380,10,Сыворотка,"Антитела к скелетным мышцам (АСМ)
Антитела к глутаматному рецептору NMDA-типа
Антитела  при паранеопластических синдромах, иммуноблот (к Yo-1, Hu, Ri, CV2, Ma2, амфифизину)"
Мониторинг лечения остеопороза,4635,8,"Сыворотка, кровь с edta и апротинином","Кальций общий
Паратгормон
С-концевые телопептиды коллагена I типа (Beta-Cross laps )
Витамин D, суммарный (25- OH витамин D, кальциферол)"
"Биохимический скрининг I триместра беременности для программы ASTRAIA (без расчета рисков патологии плода) (8-14 недель) Ассоциированный с беременностью протеин А (PAPP-A), Свободная субъединица бета-ХГЧ",2950,7,Сыворотка,"Ассоциированный с беременностью протеин А (РАРР-А)
Свободная субъединица бета-ХГЧ (пренатальный скрининг)"
Чекап MAXI от Смартмамы,18220,9,Кровь,"СОЭ (венозная кровь)
Клинический анализ крови с лейкоцитарной формулой (5DIFF) (венозная кровь)
Билирубин общий
Билирубин прямой
АЛТ (аланинаминотрансфераза)
АСТ (аспартатаминотрансфераза)
Щелочная фосфатаза
Гамма-глутамилтрансфераза (ГГТ)
Альфа-амилаза
Амилаза панкреатическая
Альбумин
Общий белок
Мочевая кислота
Эозинофильный катионный белок (ECP)
Глюкоза
Гликированный гемоглобин А1с
Холестерин липопротеидов низкой плотности
Холестерин липопротеидов очень низкой плотности (ЛПОНП), (включает определение триглицеридов)
Гомоцистеин
Цинк
Медь
Трансферрин
Коэффициент насыщения трансферрина железом (включает определение железа и ЛЖСС)
Ферритин
ТТГ (тиреотропный гормон)
Т4 (тироксин) свободный
Т3 (трийодтиронин) свободный
Анти-ТГ (антитела к тиреоглобулину)
Анти-ТПО (антитела к микросомальной тиреопероксидазе)
Инсулин
Иммуноглобулин Е (IgE)
Витамин В 9 (фолиевая кислота, Folic acid, Фолат)
Витамин В 12 (цианкобаламин)
Витамин D, суммарный (25- OH витамин D, кальциферол)
Коэффициент атерогенности (включает определение общего холестерина и ЛПВП)
Селен в крови, спектрометрия (Se)"
